category	name	x	y	plane
altar	Al Kharid Altar	3376	3285	0
altar	Altar (1225, 3103)	1225	3103	0
altar	Altar (1310, 3619)	1310	3619	0
altar	Altar (1617, 3672)	1617	3672	2
altar	Altar (1684, 9686)	1684	9686	0
altar	Altar (1688, 3792)	1688	3792	2
altar	Altar (1713, 6114)	1713	6114	0
altar	Altar (1775, 5467)	1775	5467	1
altar	Altar (1795, 9949)	1795	9949	0
altar	Altar (1813, 5707)	1813	5707	0
altar	Altar (1813, 5739)	1813	5739	0
altar	Altar (2073, 6168)	2073	6168	2
altar	Altar (2157, 3863)	2157	3863	0
altar	Altar (2283, 3427)	2283	3427	0
altar	Altar (2341, 9629)	2341	9629	0
altar	Altar (2356, 3171)	2356	3171	1
altar	Altar (2368, 3129)	2368	3129	1
altar	Altar (2414, 9680)	2414	9680	0
altar	Altar (2431, 3077)	2431	3077	1
altar	Altar (2456, 2839)	2456	2839	2
altar	Altar (2571, 9499)	2571	9499	0
altar	Altar (2749, 3496)	2749	3496	1
altar	Altar (2804, 6115)	2804	6115	1
altar	Altar (2816, 6073)	2816	6073	1
altar	Altar (2821, 5301)	2821	5301	2
altar	Altar (2869, 5370)	2869	5370	2
altar	Altar (2879, 6021)	2879	6021	1
altar	Altar (2885, 5267)	2885	5267	0
altar	Altar (2889, 3510)	2889	3510	1
altar	Altar (2932, 6179)	2932	6179	1
altar	Altar (2937, 5323)	2937	5323	2
altar	Altar (2939, 5202)	2939	5202	0
altar	Altar (3027, 3510)	3027	3510	1
altar	Altar (3051, 3498)	3051	3498	1
altar	Altar (3208, 3494)	3208	3494	1
altar	Altar (3232, 9311)	3232	9311	0
altar	Altar (3263, 6091)	3263	6091	2
altar	Altar (3421, 3179)	3421	3179	1
altar	Altar (3441, 9740)	3441	9740	1
altar	Altar (3738, 3307)	3738	3307	0
altar	Altar (3742, 4318)	3742	4318	0
altar	Altar (3912, 4966)	3912	4966	1
altar	Altar (3957, 4958)	3957	4958	0
altar	Ardougne Altar	2728	3282	0
altar	Burthorpe Altar	2932	3513	0
altar	Canifis Altar	3416	3488	0
altar	Civitas illa Fortis Altar	1696	3273	0
altar	East Ardougne Altar	2617	3309	0
altar	Grand Exchange Altar	3239	3608	0
altar	Hosidius Altar	1733	3572	0
altar	Hosidius Altar	1743	3500	0
altar	Lovakengj Altar	1547	3807	0
altar	Lumbridge Altar	3243	3207	0
altar	Lumbridge Swamp Altar	3121	3106	0
altar	Mount Karuulm Altar	1282	3677	0
altar	Prifddinas Altar	3307	6179	0
altar	Prifddinas Altar	3246	6116	0
altar	Rimmington Altar	2995	3177	0
altar	Seers' Village Altar	2694	3462	0
altar	Shayzien Altar	1497	3562	0
altar	Sophanem Altar	3280	2774	0
altar	Taverley Altar	2925	3483	0
altar	Tree Gnome Village Altar	2607	3208	0
altar	Varrock Altar	3253	3486	0
altar	Varrock Altar	3259	3381	0
altar	Weiss Altar	2947	3820	0
altar	West Ardougne Altar	2529	3286	0
altar	West Ardougne Altar	2454	3231	0
altar	Wilderness Altar	3177	3625	0
anvil	Al Kharid Anvil	3387	3271	0
anvil	Al Kharid Anvil	3360	3155	0
anvil	Aldarin Anvil	1401	2863	0
anvil	Anvil (1214, 3110)	1214	3110	0
anvil	Anvil (1446, 9586)	1446	9586	1
anvil	Anvil (1473, 10095)	1473	10095	0
anvil	Anvil (1517, 2995)	1517	2995	1
anvil	Anvil (1627, 5288)	1627	5288	1
anvil	Anvil (1675, 12507)	1675	12507	0
anvil	Anvil (1755, 5288)	1755	5288	1
anvil	Anvil (1766, 10158)	1766	10158	0
anvil	Anvil (1804, 9483)	1804	9483	0
anvil	Anvil (1942, 4971)	1942	4971	0
anvil	Anvil (1949, 2761)	1949	2761	1
anvil	Anvil (1958, 5341)	1958	5341	0
anvil	Anvil (1962, 9072)	1962	9072	1
anvil	Anvil (2067, 2719)	2067	2719	0
anvil	Anvil (2218, 2784)	2218	2784	0
anvil	Anvil (2230, 6256)	2230	6256	0
anvil	Anvil (2313, 9798)	2313	9798	0
anvil	Anvil (2359, 6366)	2359	6366	0
anvil	Anvil (2441, 6086)	2441	6086	0
anvil	Anvil (2464, 2848)	2464	2848	2
anvil	Anvil (2615, 6366)	2615	6366	0
anvil	Anvil (2652, 2658)	2652	2658	0
anvil	Anvil (2881, 5223)	2881	5223	0
anvil	Anvil (2960, 5803)	2960	5803	0
anvil	Anvil (3012, 9814)	3012	9814	0
anvil	Anvil (3062, 3952)	3062	3952	0
anvil	Anvil (3083, 9499)	3083	9499	0
anvil	Anvil (3112, 9689)	3112	9689	0
anvil	Anvil (3116, 8780)	3116	8780	0
anvil	Anvil (3178, 2428)	3178	2428	0
anvil	Anvil (3180, 8780)	3180	8780	0
anvil	Anvil (3190, 3938)	3190	3938	0
anvil	Anvil (3244, 8780)	3244	8780	0
anvil	Anvil (3308, 8780)	3308	8780	0
anvil	Anvil (3372, 8780)	3372	8780	0
anvil	Anvil (3406, 2834)	3406	2834	1
anvil	Anvil (3754, 3320)	3754	3320	0
anvil	Anvil (3892, 4898)	3892	4898	0
anvil	Anvil (3932, 4908)	3932	4908	0
anvil	Anvil (3952, 4876)	3952	4876	0
anvil	Burthorpe Anvil	2918	3573	0
anvil	Civitas illa Fortis Anvil	1778	3060	0
anvil	Civitas illa Fortis Anvil	1661	3141	0
anvil	Dorgesh-Kaan Anvil	2710	5273	0
anvil	East Ardougne Anvil	2639	3420	0
anvil	Jatizso Anvil	2397	3805	0
anvil	Jatizso Anvil	2394	3796	0
anvil	Keldagrim Anvil	2869	10202	0
anvil	Keldagrim Anvil	2828	10201	0
anvil	Kourend Anvil	1596	3664	0
anvil	Lands End Anvil	1403	3341	0
anvil	Lovakengj Anvil	1530	3829	0
anvil	Lumbridge Swamp Anvil	3107	3023	0
anvil	Menaphos Anvil	3169	2776	0
anvil	Miscellania Anvil	2551	3898	0
anvil	Mount Karuulm Anvil	1402	3755	0
anvil	Nardah Anvil	3409	2921	0
anvil	Port Phasmatys Anvil	3666	3363	0
anvil	Prifddinas Anvil	3288	6053	0
anvil	Rellekka Anvil	2620	3665	0
anvil	Rimmington Anvil	2999	3144	0
anvil	Seers' Village Anvil	2714	3495	0
anvil	Shayzien Anvil	1562	3573	0
anvil	Tai Bwo Wannai Anvil	2790	3101	0
anvil	Taverley Anvil	2950	3452	0
anvil	Varrock Anvil	3248	3404	0
anvil	Varrock Anvil	3228	3436	0
anvil	Varrock West Anvil	3188	3426	0
anvil	West Ardougne Anvil	2501	3330	0
anvil	Wilderness Anvil	2991	3689	0
anvil	Yanille Anvil	2652	3166	0
anvil	Yanille Anvil	2616	3081	0
bank	Al Kharid Bank	3382	3270	0
bank	Al Kharid Bank	3268	3169	0
bank	Al Kharid Bank	3309	3120	0
bank	Aldarin Bank	1400	2924	0
bank	Aldarin Bank	1379	2865	0
bank	Arceuus Bank	1636	3749	0
bank	Arceuus Bank	1636	3740	0
bank	Ardougne Bank	2656	3286	0
bank	Ardougne Bank	2672	3321	0
bank	Bank (1244, 3121)	1244	3121	0
bank	Bank (1254, 3572)	1254	3572	0
bank	Bank (1399, 9313)	1399	9313	0
bank	Bank (1455, 9565)	1455	9565	1
bank	Bank (1520, 3227)	1520	3227	0
bank	Bank (1551, 9872)	1551	9872	0
bank	Bank (1613, 3680)	1613	3680	2
bank	Bank (1714, 6132)	1714	6132	0
bank	Bank (1748, 5477)	1748	5477	1
bank	Bank (1805, 9501)	1805	9501	0
bank	Bank (1884, 3316)	1884	3316	1
bank	Bank (1936, 2754)	1936	2754	1
bank	Bank (1948, 4956)	1948	4956	0
bank	Bank (1993, 5537)	1993	5537	1
bank	Bank (2002, 5529)	2002	5529	1
bank	Bank (2020, 5932)	2020	5932	0
bank	Bank (2099, 3920)	2099	3920	0
bank	Bank (2136, 4909)	2136	4909	0
bank	Bank (2189, 6228)	2189	6228	0
bank	Bank (2212, 2860)	2212	2860	0
bank	Bank (2313, 5409)	2313	5409	1
bank	Bank (2322, 5401)	2322	5401	1
bank	Bank (2395, 5985)	2395	5985	0
bank	Bank (2405, 5986)	2405	5986	0
bank	Bank (2441, 3489)	2441	3489	1
bank	Bank (2445, 5181)	2445	5181	0
bank	Bank (2447, 3427)	2447	3427	1
bank	Bank (2450, 3481)	2450	3481	1
bank	Bank (2465, 2849)	2465	2849	1
bank	Bank (2534, 4711)	2534	4711	0
bank	Bank (2544, 5141)	2544	5141	0
bank	Bank (2651, 3313)	2651	3313	1
bank	Bank (2669, 2651)	2669	2651	0
bank	Bank (2733, 3379)	2733	3379	2
bank	Bank (2765, 5141)	2765	5141	0
bank	Bank (2800, 5170)	2800	5170	0
bank	Bank (2802, 6109)	2802	6109	0
bank	Bank (2803, 5161)	2803	5161	0
bank	Bank (2809, 2521)	2809	2521	1
bank	Bank (2930, 6173)	2930	6173	0
bank	Bank (2979, 5798)	2979	5798	0
bank	Bank (3012, 9718)	3012	9718	0
bank	Bank (3039, 3000)	3039	3000	0
bank	Bank (3039, 4969)	3039	4969	1
bank	Bank (3167, 3490)	3167	3490	1
bank	Bank (3184, 2416)	3184	2416	0
bank	Bank (3192, 9830)	3192	9830	0
bank	Bank (3208, 3221)	3208	3221	2
bank	Bank (3217, 9622)	3217	9622	0
bank	Bank (3251, 3421)	3251	3421	1
bank	Bank (3279, 5201)	3279	5201	0
bank	Bank (3303, 5199)	3303	5199	0
bank	Bank (3333, 5195)	3333	5195	0
bank	Bank (3355, 5937)	3355	5937	1
bank	Bank (3366, 3318)	3366	3318	1
bank	Bank (3375, 11493)	3375	11493	1
bank	Bank (3415, 4823)	3415	4823	2
bank	Bank (3420, 4057)	3420	4057	0
bank	Bank (3426, 4070)	3426	4070	0
bank	Bank (3513, 3483)	3513	3483	1
bank	Bank (3619, 9473)	3619	9473	0
bank	Bank (3652, 3207)	3652	3207	0
bank	Bank (3761, 5666)	3761	5666	0
bank	Bank (3843, 6354)	3843	6354	1
bank	Bank (3852, 4921)	3852	4921	0
bank	Bank (3871, 4962)	3871	4962	1
bank	Bank (3890, 4916)	3890	4916	0
bank	Bank (3955, 4893)	3955	4893	1
bank	Bank (3960, 4891)	3960	4891	0
bank	Burgh de Rott Bank	3494	3212	0
bank	Burthorpe Bank	2842	3543	0
bank	Castle Wars Bank	2444	3083	0
bank	Catherby Bank	2811	3442	0
bank	Civitas illa Fortis Bank	1778	3093	0
bank	Civitas illa Fortis Bank	1648	3119	0
bank	Dorgesh-Kaan Bank	2700	5352	0
bank	Draynor Village Bank	3096	3245	0
bank	East Ardougne Bank	2588	3422	0
bank	East Ardougne Bank	2619	3331	0
bank	Edgeville Bank	3098	3493	0
bank	Falador Bank	2948	3367	0
bank	Falador East Bank	3014	3354	0
bank	Fossil Island Bank	3820	3809	0
bank	Fossil Island Bank	3767	3899	0
bank	Gnome Stronghold Bank	2537	3573	0
bank	Hosidius Bank	1809	3567	0
bank	Hosidius Bank	1747	3600	0
bank	Hosidius Bank	1718	3465	0
bank	Keldagrim Bank	2838	10206	0
bank	Kourend Bank	1675	3615	0
bank	Kourend Bank	1623	3749	0
bank	Kourend Bank	1623	3740	0
bank	Lands End Bank	1592	3475	0
bank	Lands End Bank	1513	3421	0
bank	Lands End Bank	1526	3293	0
bank	Lands End Bank	1418	3353	0
bank	Lands End Bank	1386	3310	0
bank	Lletya Bank	2354	3165	0
bank	Lovakengj Bank	1499	3856	0
bank	Lovakengj Bank	1478	3857	0
bank	Lovakengj Bank	1477	3873	0
bank	Lovakengj Bank	1530	3741	0
bank	Lovakengj Bank	1520	3741	0
bank	Lovakengj Bank	1454	3859	0
bank	Lovakengj Bank	1435	3832	0
bank	Lovakengj Bank	1439	3822	0
bank	Lumbridge Bank	3122	3124	0
bank	Lumbridge Swamp Bank	3097	3027	0
bank	Menaphos Bank	3155	2836	0
bank	Miscellania Bank	2619	3894	0
bank	Mos Le'Harmless Bank	3810	3020	0
bank	Mos Le'Harmless Bank	3681	2983	0
bank	Mount Karuulm Bank	1324	3825	0
bank	Mount Karuulm Bank	1253	3742	0
bank	Mount Karuulm Bank	1249	3759	0
bank	Nardah Bank	3426	2894	0
bank	Neitiznot Bank	2339	3808	0
bank	Port Phasmatys Bank	3691	3465	0
bank	Port Phasmatys Bank	3607	3368	0
bank	Port Piscarilius Bank	1808	3791	0
bank	Port Piscarilius Bank	1796	3791	0
bank	Prifddinas Bank	3360	5910	0
bank	Prifddinas Bank	3376	5945	0
bank	Prifddinas Bank	3296	6060	0
bank	Prifddinas Bank	3258	6110	0
bank	Rimmington Bank	2936	3280	0
bank	Seers' Village Bank	2729	3494	0
bank	Shayzien Bank	1487	3593	0
bank	Shayzien Bank	1486	3645	0
bank	Sunset Coast Bank	1542	3039	0
bank	Varrock Bank	3256	3419	0
bank	Varrock West Bank	3186	3444	0
bank	Varrock West Bank	3148	3449	0
bank	West Ardougne Bank	2554	3322	0
bank	Wilderness Bank	3130	3632	0
bank	Wintertodt Bank	1501	3870	0
bank	Wintertodt Camp Bank	1641	3944	0
bank	Yanille Bank	2661	3163	0
bank	Yanille Bank	2614	3092	0
bank	Zanaris Bank	2380	4460	0
furnace	Al Kharid Furnace	3272	3185	0
furnace	Catherby Furnace	2834	3351	0
furnace	Civitas illa Fortis Furnace	1769	3111	0
furnace	Dorgesh-Kaan Furnace	2710	5277	0
furnace	East Ardougne Furnace	2602	3310	0
furnace	Edgeville Furnace	3110	3499	0
furnace	Falador Furnace	2976	3368	0
furnace	Furnace (1207, 3111)	1207	3111	0
furnace	Furnace (1453, 9582)	1453	9582	1
furnace	Furnace (1473, 10092)	1473	10092	0
furnace	Furnace (1670, 12503)	1670	12503	0
furnace	Furnace (1949, 2754)	1949	2754	1
furnace	Furnace (2351, 6350)	2351	6350	0
furnace	Furnace (2351, 6368)	2351	6368	0
furnace	Furnace (2426, 4726)	2426	4726	0
furnace	Furnace (2446, 5152)	2446	5152	0
furnace	Furnace (2454, 9683)	2454	9683	0
furnace	Furnace (2527, 5157)	2527	5157	0
furnace	Furnace (2607, 6350)	2607	6350	0
furnace	Furnace (2607, 6368)	2607	6368	0
furnace	Furnace (2647, 3213)	2647	3213	1
furnace	Furnace (2928, 10460)	2928	10460	0
furnace	Furnace (3035, 9232)	3035	9232	0
furnace	Furnace (3044, 9232)	3044	9232	0
furnace	Furnace (3046, 6048)	3046	6048	0
furnace	Furnace (3078, 9495)	3078	9495	0
furnace	Furnace (3117, 8777)	3117	8777	0
furnace	Furnace (3174, 2430)	3174	2430	0
furnace	Furnace (3181, 8777)	3181	8777	0
furnace	Furnace (3191, 3936)	3191	3936	0
furnace	Furnace (3245, 8777)	3245	8777	0
furnace	Furnace (3309, 8777)	3309	8777	0
furnace	Furnace (3373, 8777)	3373	8777	0
furnace	Furnace (3464, 4744)	3464	4744	0
furnace	Furnace (3527, 6096)	3527	6096	0
furnace	Keldagrim Furnace	2873	10211	0
furnace	Lands End Furnace	1622	3289	0
furnace	Lands End Furnace	1375	3370	0
furnace	Lovakengj Furnace	1502	3810	0
furnace	Lovakengj Furnace	1506	3771	0
furnace	Lumbridge Furnace	3226	3256	0
furnace	Lumbridge Swamp Furnace	3108	3026	0
furnace	Mount Karuulm Furnace	1325	3807	0
furnace	Neitiznot Furnace	2344	3811	0
furnace	Piscatoris Furnace	2342	3678	0
furnace	Port Phasmatys Furnace	3688	3478	0
furnace	Port Phasmatys Furnace	3657	3334	0
furnace	Prifddinas Furnace	3287	6052	0
furnace	Rellekka Furnace	2616	3666	0
furnace	Wilderness Furnace	3143	3735	0
furnace	Zanaris Furnace	2399	4472	0
place	Al Kharid	3293	3174	0
place	Aldarin	1420	2965	0
place	Arceuus	1699	3742	0
place	Ardougne	2662	3305	0
place	Barbarian Village	3082	3420	0
place	Brimhaven	2803	3178	0
place	Burgh de Rott	3495	3211	0
place	Burthorpe	2898	3545	0
place	Camelot	2757	3477	0
place	Canifis	3512	3488	0
place	Castle Wars	2440	3092	0
place	Catherby	2810	3441	0
place	Civitas illa Fortis	1682	3140	0
place	Corsair Cove	2567	2858	0
place	Dorgesh-Kaan	2720	5350	0
place	Draynor Manor	3109	3355	0
place	Draynor Village	3093	3245	0
place	East Ardougne	2615	3335	0
place	Edgeville	3094	3491	0
place	Falador	2965	3380	0
place	Falador East	3013	3355	0
place	Falador Park	2995	3375	0
place	Feldip Hills	2540	2920	0
place	Fossil Island	3740	3805	0
place	Gnome Stronghold	2461	3444	0
place	Grand Exchange	3165	3487	0
place	Hosidius	1746	3517	0
place	Jatizso	2420	3800	0
place	Karamja	2924	3153	0
place	Keldagrim	2845	10210	0
place	Kourend	1642	3673	0
place	Lands End	1504	3417	0
place	Lletya	2350	3170	0
place	Lovakengj	1520	3740	0
place	Lumbridge	3222	3218	0
place	Lumbridge Swamp	3230	3155	0
place	Menaphos	3225	2775	0
place	Miscellania	2515	3862	0
place	Mort'ton	3487	3283	0
place	Mos Le'Harmless	3695	2977	0
place	Mount Karuulm	1311	3808	0
place	Nardah	3427	2894	0
place	Neitiznot	2337	3805	0
place	Piscatoris	2340	3688	0
place	Pollnivneach	3351	2967	0
place	Port Phasmatys	3685	3475	0
place	Port Piscarilius	1804	3714	0
place	Port Sarim	3045	3235	0
place	Prifddinas	3243	6053	0
place	Rellekka	2668	3630	0
place	Rimmington	2957	3213	0
place	Seers' Village	2726	3485	0
place	Shayzien	1520	3592	0
place	Shilo Village	2852	2955	0
place	Sinclair Mansion	2736	3578	0
place	Sophanem	3287	2785	0
place	Sunset Coast	1547	2971	0
place	Tai Bwo Wannai	2789	3064	0
place	Taverley	2895	3443	0
place	Tree Gnome Village	2542	3170	0
place	Varrock	3213	3428	0
place	Varrock West	3164	3436	0
place	Weiss	2848	3934	0
place	West Ardougne	2530	3307	0
place	Wilderness	3100	3680	0
place	Wintertodt	1630	3945	0
place	Wintertodt Camp	1640	3944	0
place	Yanille	2605	3096	0
place	Zanaris	2452	4473	0
pottery	Barbarian Village Potter's wheel	3087	3410	0
pottery	Civitas illa Fortis Potter's wheel	1769	3096	0
pottery	East Ardougne Potter's wheel	2595	3324	0
pottery	East Ardougne Potter's wheel	2586	3327	0
pottery	Falador East Potter's wheel	2938	3291	0
pottery	Mort'ton Potter's wheel	3357	3333	0
pottery	Port Phasmatys Potter's wheel	3648	3370	0
pottery	Rellekka Potter's wheel	2620	3659	0
pottery	Sophanem Potter's wheel	3314	2773	0
range	Al Kharid Cooking range	3292	3202	0
range	Al Kharid Cooking range	3271	3180	0
range	Al Kharid Cooking range	3318	3138	0
range	Aldarin Cooking range	1433	2962	0
range	Aldarin Cooking range	1441	2937	0
range	Aldarin Cooking range	1379	3054	0
range	Aldarin Cooking range	1356	3037	0
range	Aldarin Cooking range	1392	2976	0
range	Aldarin Cooking range	1375	2959	0
range	Aldarin Cooking range	1352	2948	0
range	Aldarin Cooking range	1402	2938	0
range	Aldarin Cooking range	1380	2861	0
range	Arceuus Cooking range	1757	3779	0
range	Ardougne Cooking range	2723	3271	0
range	Ardougne Cooking range	2648	3297	0
range	Barbarian Village Cooking range	3106	3432	0
range	Brimhaven Cooking range	2814	3161	0
range	Brimhaven Cooking range	2787	3191	0
range	Burgh de Rott Cooking range	3622	3335	0
range	Burgh de Rott Cooking range	3596	3316	0
range	Burgh de Rott Cooking range	3409	3185	0
range	Camelot Cooking range	2706	3404	0
range	Catherby Cooking range	2818	3455	0
range	Catherby Cooking range	2817	3444	0
range	Catherby Cooking range	2856	3334	0
range	Catherby Cooking range	2844	3367	0
range	Catherby Cooking range	2822	3351	0
range	Civitas illa Fortis Cooking range	1755	3095	0
range	Civitas illa Fortis Cooking range	1752	3075	0
range	Civitas illa Fortis Cooking range	1731	3091	0
range	Civitas illa Fortis Cooking range	1774	3068	0
range	Civitas illa Fortis Cooking range	1735	3059	0
range	Civitas illa Fortis Cooking range	1668	3245	0
range	Civitas illa Fortis Cooking range	1716	3127	0
range	Civitas illa Fortis Cooking range	1689	3130	0
range	Civitas illa Fortis Cooking range	1674	3084	0
range	Civitas illa Fortis Cooking range	1665	3121	0
range	Civitas illa Fortis Cooking range	1688	3069	0
range	Civitas illa Fortis Cooking range	1677	3063	0
range	Civitas illa Fortis Cooking range	1643	3096	0
range	Civitas illa Fortis Cooking range	1634	3114	0
range	Civitas illa Fortis Cooking range	1607	3100	0
range	Civitas illa Fortis Cooking range	1640	3056	0
range	Civitas illa Fortis Cooking range	1590	3105	0
range	Civitas illa Fortis Cooking range	1584	3131	0
range	Cooking range (1187, 10272)	1187	10272	0
range	Cooking range (1209, 3093)	1209	3093	0
range	Cooking range (1307, 2924)	1307	2924	1
range	Cooking range (1349, 9580)	1349	9580	0
range	Cooking range (1352, 3296)	1352	3296	0
range	Cooking range (1374, 9710)	1374	9710	0
range	Cooking range (1401, 9553)	1401	9553	1
range	Cooking range (1403, 9569)	1403	9569	1
range	Cooking range (1412, 9567)	1412	9567	1
range	Cooking range (1420, 3177)	1420	3177	0
range	Cooking range (1423, 9558)	1423	9558	0
range	Cooking range (1437, 9964)	1437	9964	0
range	Cooking range (1449, 9555)	1449	9555	0
range	Cooking range (1473, 9555)	1473	9555	1
range	Cooking range (1475, 9569)	1475	9569	1
range	Cooking range (1495, 3257)	1495	3257	0
range	Cooking range (1510, 9693)	1510	9693	1
range	Cooking range (1517, 2985)	1517	2985	1
range	Cooking range (1519, 3232)	1519	3232	0
range	Cooking range (1625, 4838)	1625	4838	0
range	Cooking range (1666, 9712)	1666	9712	0
range	Cooking range (1667, 6089)	1667	6089	0
range	Cooking range (1734, 2966)	1734	2966	0
range	Cooking range (1748, 5464)	1748	5464	1
range	Cooking range (1749, 3735)	1749	3735	1
range	Cooking range (1751, 3748)	1751	3748	1
range	Cooking range (1752, 3763)	1752	3763	1
range	Cooking range (1764, 3735)	1764	3735	1
range	Cooking range (1765, 10137)	1765	10137	0
range	Cooking range (1771, 3751)	1771	3751	1
range	Cooking range (1776, 3735)	1776	3735	1
range	Cooking range (1785, 3754)	1785	3754	2
range	Cooking range (1905, 3285)	1905	3285	1
range	Cooking range (1906, 3300)	1906	3300	1
range	Cooking range (1908, 3313)	1908	3313	1
range	Cooking range (1915, 5666)	1915	5666	1
range	Cooking range (1938, 2763)	1938	2763	1
range	Cooking range (1948, 4963)	1948	4963	0
range	Cooking range (1965, 3108)	1965	3108	0
range	Cooking range (1979, 5666)	1979	5666	1
range	Cooking range (2003, 5558)	2003	5558	1
range	Cooking range (2034, 5527)	2034	5527	1
range	Cooking range (2049, 6156)	2049	6156	0
range	Cooking range (2081, 6156)	2081	6156	0
range	Cooking range (2092, 3921)	2092	3921	0
range	Cooking range (2094, 3908)	2094	3908	1
range	Cooking range (2136, 3892)	2136	3892	0
range	Cooking range (2201, 6244)	2201	6244	0
range	Cooking range (2210, 3411)	2210	3411	0
range	Cooking range (2323, 5430)	2323	5430	1
range	Cooking range (2327, 6382)	2327	6382	0
range	Cooking range (2336, 6343)	2336	6343	0
range	Cooking range (2340, 3160)	2340	3160	1
range	Cooking range (2350, 6337)	2350	6337	0
range	Cooking range (2354, 5399)	2354	5399	1
range	Cooking range (2375, 6427)	2375	6427	0
range	Cooking range (2394, 6407)	2394	6407	0
range	Cooking range (2409, 6410)	2409	6410	0
range	Cooking range (2419, 6442)	2419	6442	0
range	Cooking range (2435, 6436)	2435	6436	0
range	Cooking range (2451, 3510)	2451	3510	1
range	Cooking range (2466, 2848)	2466	2848	1
range	Cooking range (2482, 3479)	2482	3479	1
range	Cooking range (2538, 9699)	2538	9699	0
range	Cooking range (2583, 6382)	2583	6382	0
range	Cooking range (2592, 6343)	2592	6343	0
range	Cooking range (2606, 6337)	2606	6337	0
range	Cooking range (2629, 3663)	2629	3663	2
range	Cooking range (2630, 4731)	2630	4731	0
range	Cooking range (2631, 6427)	2631	6427	0
range	Cooking range (2650, 6407)	2650	6407	0
range	Cooking range (2665, 6410)	2665	6410	0
range	Cooking range (2675, 6442)	2675	6442	0
range	Cooking range (2691, 6436)	2691	6436	0
range	Cooking range (2758, 4731)	2758	4731	0
range	Cooking range (2763, 3273)	2763	3273	1
range	Cooking range (2788, 6104)	2788	6104	1
range	Cooking range (2862, 5094)	2862	5094	0
range	Cooking range (2916, 6168)	2916	6168	1
range	Cooking range (2922, 9713)	2922	9713	0
range	Cooking range (2933, 4698)	2933	4698	0
range	Cooking range (3031, 2982)	3031	2982	0
range	Cooking range (3039, 9262)	3039	9262	0
range	Cooking range (3043, 4973)	3043	4973	1
range	Cooking range (3081, 3508)	3081	3508	1
range	Cooking range (3141, 2424)	3141	2424	0
range	Cooking range (3145, 3453)	3145	3453	1
range	Cooking range (3146, 2397)	3146	2397	0
range	Cooking range (3188, 2404)	3188	2404	0
range	Cooking range (3202, 3401)	3202	3401	1
range	Cooking range (3230, 6089)	3230	6089	1
range	Cooking range (3280, 3929)	3280	3929	0
range	Cooking range (3420, 4823)	3420	4823	0
range	Cooking range (3476, 4741)	3476	4741	0
range	Cooking range (3502, 3056)	3502	3056	0
range	Cooking range (3609, 4604)	3609	4604	1
range	Cooking range (3695, 3316)	3695	3316	0
range	Cooking range (3703, 3304)	3703	3304	0
range	Cooking range (3721, 3306)	3721	3306	0
range	Cooking range (3726, 3361)	3726	3361	1
range	Cooking range (3849, 4925)	3849	4925	1
range	Cooking range (3849, 4925)	3849	4925	0
range	Cooking range (3860, 4882)	3860	4882	0
range	Cooking range (3864, 4899)	3864	4899	0
range	Cooking range (3871, 5967)	3871	5967	0
range	Cooking range (3906, 4873)	3906	4873	1
range	Cooking range (3927, 4969)	3927	4969	0
range	Cooking range (3933, 4874)	3933	4874	0
range	Cooking range (3950, 4870)	3950	4870	0
range	Cooking range (3990, 4961)	3990	4961	0
range	Cooking range (4143, 4946)	4143	4946	0
range	Dorgesh-Kaan Cooking range	2736	5273	0
range	Draynor Manor Cooking range	3097	3367	0
range	Draynor Village Cooking range	3096	3237	0
range	East Ardougne Cooking range	2642	3355	0
range	East Ardougne Cooking range	2616	3396	0
range	Edgeville Cooking range	3077	3495	0
range	Falador Cooking range	2917	3318	0
range	Falador East Cooking range	3052	3356	0
range	Falador East Cooking range	2971	3328	0
range	Grand Exchange Cooking range	3223	3497	0
range	Hosidius Cooking range	1802	3612	0
range	Hosidius Cooking range	1738	3613	0
range	Hosidius Cooking range	1787	3525	0
range	Hosidius Cooking range	1776	3563	0
range	Kourend Cooking range	1683	3667	0
range	Kourend Cooking range	1673	3677	0
range	Kourend Cooking range	1675	3688	0
range	Kourend Cooking range	1680	3622	0
range	Kourend Cooking range	1625	3660	0
range	Kourend Cooking range	1648	3627	0
range	Kourend Cooking range	1637	3571	0
range	Lands End Cooking range	1645	3288	0
range	Lands End Cooking range	1514	3442	0
range	Lands End Cooking range	1442	3351	0
range	Lands End Cooking range	1421	3376	0
range	Lands End Cooking range	1382	3357	0
range	Lands End Cooking range	1362	3313	0
range	Lletya Cooking range	2438	3191	0
range	Lumbridge Cooking range	3212	3215	0
range	Lumbridge Cooking range	3230	3196	0
range	Menaphos Cooking range	3159	2842	0
range	Menaphos Cooking range	3163	2791	0
range	Mort'ton Cooking range	3609	3334	0
range	Mount Karuulm Cooking range	1236	3679	0
range	Nardah Cooking range	3433	2885	0
range	Nardah Cooking range	3410	2937	0
range	Neitiznot Cooking range	2342	3811	0
range	Neitiznot Cooking range	2220	3789	0
range	Piscatoris Cooking range	2316	3668	0
range	Port Phasmatys Cooking range	3747	3340	0
range	Port Phasmatys Cooking range	3676	3467	0
range	Port Phasmatys Cooking range	3666	3377	0
range	Port Phasmatys Cooking range	3663	3367	0
range	Port Phasmatys Cooking range	3697	3336	0
range	Port Phasmatys Cooking range	3697	3360	0
range	Port Phasmatys Cooking range	3620	3395	0
range	Port Phasmatys Cooking range	3630	3384	0
range	Port Phasmatys Cooking range	3606	3383	0
range	Port Phasmatys Cooking range	3645	3344	0
range	Port Piscarilius Cooking range	1807	3735	0
range	Port Piscarilius Cooking range	1795	3754	0
range	Port Piscarilius Cooking range	1794	3721	0
range	Port Piscarilius Cooking range	1791	3737	0
range	Port Piscarilius Cooking range	1784	3722	0
range	Port Piscarilius Cooking range	1783	3759	0
range	Port Sarim Cooking range	3019	3237	0
range	Prifddinas Cooking range	3352	5921	0
range	Prifddinas Cooking range	3304	6125	0
range	Prifddinas Cooking range	3285	6088	0
range	Prifddinas Cooking range	3274	6107	0
range	Prifddinas Cooking range	3271	6125	0
range	Prifddinas Cooking range	3272	6035	0
range	Prifddinas Cooking range	3234	6163	0
range	Prifddinas Cooking range	3254	6039	0
range	Prifddinas Cooking range	3237	6038	0
range	Rimmington Cooking range	2970	3209	0
range	Rimmington Cooking range	3075	3081	0
range	Seers' Village Cooking range	2728	3477	0
range	Seers' Village Cooking range	2715	3476	0
range	Seers' Village Cooking range	2637	3432	0
range	Shayzien Cooking range	1572	3553	0
range	Shayzien Cooking range	1538	3542	0
range	Shayzien Cooking range	1534	3578	0
range	Shayzien Cooking range	1450	3641	0
range	Sinclair Mansion Cooking range	2734	3582	0
range	Sunset Coast Cooking range	1558	3033	0
range	Sunset Coast Cooking range	1561	2958	0
range	Sunset Coast Cooking range	1526	2990	0
range	Tree Gnome Village Cooking range	2591	3209	0
range	Tree Gnome Village Cooking range	2578	3198	0
range	Varrock Cooking range	3286	3489	0
range	Varrock Cooking range	3229	3402	0
range	Varrock Cooking range	3246	3398	0
range	Varrock Cooking range	3219	3388	0
range	Varrock Cooking range	3188	3352	0
range	Varrock West Cooking range	3160	3427	0
range	Varrock West Cooking range	3156	3410	0
range	Varrock West Cooking range	3145	3453	0
range	West Ardougne Cooking range	2571	3248	0
range	West Ardougne Cooking range	2547	3322	0
range	Wilderness Cooking range	3036	3708	0
range	Yanille Cooking range	2661	3156	0
range	Yanille Cooking range	2636	3170	0
range	Yanille Cooking range	2566	3104	0
range	Yanille Cooking range	2549	3098	0
range	Zanaris Cooking range	2383	4438	0
spinning_wheel	Ardougne Spinning wheel	2731	3278	0
spinning_wheel	Barbarian Village Spinning wheel	3081	3430	0
spinning_wheel	Falador East Spinning wheel	2981	3314	0
spinning_wheel	Hosidius Spinning wheel	1651	3570	0
spinning_wheel	Lands End Spinning wheel	1373	3314	0
spinning_wheel	Lletya Spinning wheel	2323	3180	0
spinning_wheel	Menaphos Spinning wheel	3157	2773	0
spinning_wheel	Neitiznot Spinning wheel	2352	3794	0
spinning_wheel	Prifddinas Spinning wheel	3225	6074	0
spinning_wheel	Rellekka Spinning wheel	2617	3659	0
spinning_wheel	Sophanem Spinning wheel	3316	2790	0
spinning_wheel	Spinning wheel (1498, 3252)	1498	3252	0
spinning_wheel	Spinning wheel (2475, 3398)	2475	3398	1
spinning_wheel	Spinning wheel (2487, 3401)	2487	3401	1
spinning_wheel	Spinning wheel (2488, 3410)	2488	3410	1
spinning_wheel	Spinning wheel (2710, 3471)	2710	3471	1
spinning_wheel	Spinning wheel (2771, 6124)	2771	6124	0
spinning_wheel	Spinning wheel (2899, 6188)	2899	6188	0
spinning_wheel	Spinning wheel (2936, 3287)	2936	3287	1
spinning_wheel	Spinning wheel (3209, 3212)	3209	3212	1
spinning_wheel	Spinning wheel (3417, 4820)	3417	4820	1
water	Al Kharid Water source	3292	3172	0
water	Al Kharid Water source	3293	3183	0
water	Aldarin Water source	1427	2979	0
water	Aldarin Water source	1408	2945	0
water	Aldarin Water source	1450	2921	0
water	Aldarin Water source	1429	2933	0
water	Aldarin Water source	1446	2938	0
water	Aldarin Water source	1374	3065	0
water	Aldarin Water source	1378	2968	0
water	Aldarin Water source	1373	2939	0
water	Aldarin Water source	1353	2912	0
water	Aldarin Water source	1388	2926	0
water	Aldarin Water source	1393	2870	0
water	Aldarin Water source	1372	2861	0
water	Arceuus Water source	1754	3779	0
water	Ardougne Water source	2732	3369	0
water	Ardougne Water source	2640	3311	0
water	Ardougne Water source	2675	3310	0
water	Ardougne Water source	2658	3273	0
water	Ardougne Water source	2612	3254	0
water	Brimhaven Water source	2798	3194	0
water	Burgh de Rott Water source	3612	3334	0
water	Burgh de Rott Water source	3608	3322	0
water	Burgh de Rott Water source	3482	3234	0
water	Burgh de Rott Water source	3409	3180	0
water	Burthorpe Water source	2920	3548	0
water	Burthorpe Water source	2929	3567	0
water	Burthorpe Water source	2893	3556	0
water	Camelot Water source	2757	3497	0
water	Camelot Water source	2771	3515	0
water	Camelot Water source	2771	3479	0
water	Camelot Water source	2761	3479	0
water	Camelot Water source	2750	3487	0
water	Canifis Water source	3588	3529	0
water	Castle Wars Water source	2440	3181	0
water	Catherby Water source	2830	3440	0
water	Catherby Water source	2818	3449	0
water	Catherby Water source	2818	3347	0
water	Civitas illa Fortis Water source	1744	3183	0
water	Civitas illa Fortis Water source	1753	3098	0
water	Civitas illa Fortis Water source	1757	3068	0
water	Civitas illa Fortis Water source	1668	3252	0
water	Civitas illa Fortis Water source	1706	3125	0
water	Civitas illa Fortis Water source	1690	3132	0
water	Civitas illa Fortis Water source	1666	3119	0
water	Civitas illa Fortis Water source	1646	3161	0
water	Civitas illa Fortis Water source	1661	3082	0
water	Civitas illa Fortis Water source	1653	3064	0
water	Civitas illa Fortis Water source	1577	3137	0
water	Dorgesh-Kaan Water source	2729	5335	0
water	Dorgesh-Kaan Water source	2717	5336	0
water	Dorgesh-Kaan Water source	2705	5334	0
water	Dorgesh-Kaan Water source	2731	5276	0
water	Dorgesh-Kaan Water source	2702	5253	0
water	Draynor Manor Water source	3170	3294	0
water	Draynor Manor Water source	3087	3334	0
water	East Ardougne Water source	2677	3397	0
water	East Ardougne Water source	2639	3369	0
water	East Ardougne Water source	2629	3311	0
water	East Ardougne Water source	2628	3324	0
water	East Ardougne Water source	2573	3334	0
water	East Ardougne Water source	2617	3325	0
water	Edgeville Water source	3054	3494	0
water	Edgeville Water source	3077	3489	0
water	Edgeville Water source	3084	3502	0
water	Falador East Water source	3038	3353	0
water	Falador East Water source	2985	3314	0
water	Falador Water source	2947	3382	0
water	Gnome Stronghold Water source	2442	3415	0
water	Gnome Stronghold Water source	2392	3386	0
water	Grand Exchange Water source	3224	3494	0
water	Grand Exchange Water source	3190	3472	0
water	Hosidius Water source	1802	3610	0
water	Hosidius Water source	1821	3554	0
water	Hosidius Water source	1835	3502	0
water	Hosidius Water source	1823	3485	0
water	Hosidius Water source	1821	3516	0
water	Hosidius Water source	1809	3500	0
water	Hosidius Water source	1776	3592	0
water	Hosidius Water source	1762	3598	0
water	Hosidius Water source	1751	3589	0
water	Hosidius Water source	1737	3610	0
water	Hosidius Water source	1772	3566	0
water	Hosidius Water source	1789	3525	0
water	Hosidius Water source	1762	3576	0
water	Hosidius Water source	1762	3566	0
water	Hosidius Water source	1711	3535	0
water	Karamja Water source	2939	3149	0
water	Karamja Water source	2916	3142	0
water	Keldagrim Water source	2906	10219	0
water	Keldagrim Water source	2921	10218	0
water	Keldagrim Water source	2897	10219	0
water	Keldagrim Water source	2871	10210	0
water	Keldagrim Water source	2848	10223	0
water	Keldagrim Water source	2826	10195	0
water	Kourend Water source	1681	3669	0
water	Kourend Water source	1676	3686	0
water	Kourend Water source	1674	3660	0
water	Kourend Water source	1671	3677	0
water	Kourend Water source	1677	3615	0
water	Kourend Water source	1669	3600	0
water	Kourend Water source	1623	3658	0
water	Kourend Water source	1650	3679	0
water	Kourend Water source	1650	3666	0
water	Kourend Water source	1644	3628	0
water	Kourend Water source	1640	3570	0
water	Lands End Water source	1633	3293	0
water	Lands End Water source	1516	3443	0
water	Lands End Water source	1496	3421	0
water	Lands End Water source	1429	3359	0
water	Lands End Water source	1379	3361	0
water	Lands End Water source	1370	3306	0
water	Lovakengj Water source	1553	3780	0
water	Lovakengj Water source	1566	3717	0
water	Lovakengj Water source	1559	3735	0
water	Lovakengj Water source	1484	3836	0
water	Lovakengj Water source	1511	3752	0
water	Lovakengj Water source	1444	3787	0
water	Lumbridge Water source	3226	3295	0
water	Lumbridge Water source	3205	3215	0
water	Lumbridge Water source	3221	3226	0
water	Lumbridge Water source	3221	3210	0
water	Lumbridge Water source	3230	3206	0
water	Lumbridge Water source	3189	3270	0
water	Lumbridge Water source	3161	3220	0
water	Mort'ton Water source	3584	3361	0
water	Mort'ton Water source	3528	3361	0
water	Mort'ton Water source	3542	3311	0
water	Mort'ton Water source	3495	3288	0
water	Mos Le'Harmless Water source	3807	2954	0
water	Mos Le'Harmless Water source	3806	2997	0
water	Mount Karuulm Water source	1348	3741	0
water	Mount Karuulm Water source	1376	3748	0
water	Mount Karuulm Water source	1300	3720	0
water	Mount Karuulm Water source	1246	3742	0
water	Mount Karuulm Water source	1248	3754	0
water	Mount Karuulm Water source	1248	3729	0
water	Mount Karuulm Water source	1248	3703	0
water	Mount Karuulm Water source	1239	3677	0
water	Piscatoris Water source	2316	3670	0
water	Pollnivneach Water source	3359	2971	0
water	Port Phasmatys Water source	3744	3340	0
water	Port Phasmatys Water source	3662	3348	0
water	Port Phasmatys Water source	3661	3367	0
water	Port Phasmatys Water source	3697	3333	0
water	Port Phasmatys Water source	3616	3394	0
water	Port Phasmatys Water source	3646	3385	0
water	Port Phasmatys Water source	3626	3383	0
water	Port Phasmatys Water source	3644	3348	0
water	Port Phasmatys Water source	3621	3345	0
water	Port Phasmatys Water source	3612	3365	0
water	Port Piscarilius Water source	1814	3755	0
water	Port Piscarilius Water source	1802	3739	0
water	Port Piscarilius Water source	1793	3719	0
water	Port Piscarilius Water source	1792	3756	0
water	Port Piscarilius Water source	1791	3739	0
water	Port Piscarilius Water source	1782	3722	0
water	Port Piscarilius Water source	1779	3655	0
water	Port Piscarilius Water source	1777	3620	0
water	Port Piscarilius Water source	1763	3633	0
water	Port Sarim Water source	3027	3289	0
water	Port Sarim Water source	3026	3259	0
water	Port Sarim Water source	3116	3167	0
water	Port Sarim Water source	3090	3109	0
water	Prifddinas Water source	3344	5935	0
water	Prifddinas Water source	3333	5935	0
water	Prifddinas Water source	3332	5948	0
water	Prifddinas Water source	3379	5934	0
water	Prifddinas Water source	3284	6110	0
water	Prifddinas Water source	3269	6127	0
water	Prifddinas Water source	3285	6049	0
water	Prifddinas Water source	3270	6036	0
water	Prifddinas Water source	3226	6151	0
water	Prifddinas Water source	3239	6091	0
water	Prifddinas Water source	3257	6046	0
water	Rellekka Water source	2668	3660	0
water	Rimmington Water source	2966	3209	0
water	Rimmington Water source	2956	3212	0
water	Rimmington Water source	2933	3279	0
water	Rimmington Water source	3077	3086	0
water	Seers' Village Water source	2699	3472	0
water	Shayzien Water source	1568	3553	0
water	Shayzien Water source	1559	3570	0
water	Shayzien Water source	1540	3541	0
water	Shayzien Water source	1497	3590	0
water	Shayzien Water source	1534	3582	0
water	Shayzien Water source	1466	3558	0
water	Sinclair Mansion Water source	2733	3580	0
water	Sophanem Water source	3318	2783	0
water	Sophanem Water source	3314	2760	0
water	Sophanem Water source	3280	2753	0
water	Sunset Coast Water source	1669	2974	0
water	Sunset Coast Water source	1547	3036	0
water	Sunset Coast Water source	1555	2988	0
water	Taverley Water source	2909	3470	0
water	Taverley Water source	2891	3443	0
water	Tree Gnome Village Water source	2608	3187	0
water	Tree Gnome Village Water source	2591	3188	0
water	Tree Gnome Village Water source	2563	3172	0
water	Tree Gnome Village Water source	2553	3172	0
water	Tree Gnome Village Water source	2532	3152	0
water	Varrock Water source	3323	3396	0
water	Varrock Water source	3270	3406	0
water	Varrock Water source	3217	3462	0
water	Varrock Water source	3207	3462	0
water	Varrock Water source	3214	3430	0
water	Varrock Water source	3238	3434	0
water	Varrock Water source	3247	3392	0
water	Varrock West Water source	3138	3449	0
water	Water source (1191, 10271)	1191	10271	0
water	Water source (1198, 3111)	1198	3111	0
water	Water source (1232, 3122)	1232	3122	0
water	Water source (1240, 3136)	1240	3136	0
water	Water source (1242, 3097)	1242	3097	0
water	Water source (1400, 2893)	1400	2893	2
water	Water source (1415, 9564)	1415	9564	1
water	Water source (1418, 3185)	1418	3185	0
water	Water source (1424, 9590)	1424	9590	1
water	Water source (1435, 9962)	1435	9962	0
water	Water source (1437, 2930)	1437	2930	2
water	Water source (1438, 3783)	1438	3783	1
water	Water source (1447, 2928)	1447	2928	1
water	Water source (1447, 9587)	1447	9587	1
water	Water source (1461, 9572)	1461	9572	1
water	Water source (1496, 3574)	1496	3574	1
water	Water source (1499, 3767)	1499	3767	1
water	Water source (1500, 3234)	1500	3234	0
water	Water source (1522, 3591)	1522	3591	1
water	Water source (1540, 3782)	1540	3782	1
water	Water source (1620, 4816)	1620	4816	0
water	Water source (1625, 4840)	1625	4840	0
water	Water source (1653, 3046)	1653	3046	2
water	Water source (1670, 3679)	1670	3679	1
water	Water source (1681, 3663)	1681	3663	2
water	Water source (1682, 6117)	1682	6117	0
water	Water source (1732, 3542)	1732	3542	2
water	Water source (1744, 2973)	1744	2973	0
water	Water source (1744, 5467)	1744	5467	1
water	Water source (1749, 3748)	1749	3748	1
water	Water source (1750, 3735)	1750	3735	1
water	Water source (1753, 3760)	1753	3760	1
water	Water source (1763, 3737)	1763	3737	1
water	Water source (1772, 3750)	1772	3750	1
water	Water source (1772, 5458)	1772	5458	0
water	Water source (1774, 3735)	1774	3735	1
water	Water source (1777, 3577)	1777	3577	2
water	Water source (1783, 3758)	1783	3758	2
water	Water source (1903, 3288)	1903	3288	1
water	Water source (1906, 3313)	1906	3313	1
water	Water source (1907, 3300)	1907	3300	1
water	Water source (1917, 5668)	1917	5668	1
water	Water source (1942, 4956)	1942	4956	0
water	Water source (1971, 6215)	1971	6215	3
water	Water source (1981, 5668)	1981	5668	1
water	Water source (2008, 4711)	2008	4711	1
water	Water source (2075, 3922)	2075	3922	0
water	Water source (2076, 3899)	2076	3899	0
water	Water source (2079, 6154)	2079	6154	0
water	Water source (2084, 3922)	2084	3922	1
water	Water source (2086, 3895)	2086	3895	0
water	Water source (2086, 3908)	2086	3908	0
water	Water source (2090, 3922)	2090	3922	0
water	Water source (2094, 3906)	2094	3906	1
water	Water source (2099, 3897)	2099	3897	0
water	Water source (2106, 6162)	2106	6162	0
water	Water source (2106, 6175)	2106	6175	0
water	Water source (2107, 3907)	2107	3907	1
water	Water source (2136, 4647)	2136	4647	1
water	Water source (2142, 5107)	2142	5107	1
water	Water source (2151, 5016)	2151	5016	0
water	Water source (2162, 2811)	2162	2811	0
water	Water source (2198, 3413)	2198	3413	2
water	Water source (2202, 3399)	2202	3399	0
water	Water source (2203, 6247)	2203	6247	0
water	Water source (2218, 6234)	2218	6234	0
water	Water source (2218, 6244)	2218	6244	0
water	Water source (2326, 6376)	2326	6376	0
water	Water source (2327, 6387)	2327	6387	0
water	Water source (2338, 6345)	2338	6345	0
water	Water source (2341, 9622)	2341	9622	0
water	Water source (2343, 6380)	2343	6380	0
water	Water source (2343, 6390)	2343	6390	0
water	Water source (2344, 6369)	2344	6369	0
water	Water source (2349, 6337)	2349	6337	0
water	Water source (2373, 6428)	2373	6428	0
water	Water source (2373, 9718)	2373	9718	0
water	Water source (2394, 6409)	2394	6409	0
water	Water source (2405, 4457)	2405	4457	1
water	Water source (2408, 6410)	2408	6410	0
water	Water source (2416, 9674)	2416	9674	0
water	Water source (2419, 6444)	2419	6444	0
water	Water source (2433, 6433)	2433	6433	0
water	Water source (2453, 4648)	2453	4648	0
water	Water source (2454, 2854)	2454	2854	1
water	Water source (2582, 6376)	2582	6376	0
water	Water source (2583, 6387)	2583	6387	0
water	Water source (2594, 6345)	2594	6345	0
water	Water source (2599, 6380)	2599	6380	0
water	Water source (2599, 6390)	2599	6390	0
water	Water source (2600, 6369)	2600	6369	0
water	Water source (2605, 6337)	2605	6337	0
water	Water source (2629, 6428)	2629	6428	0
water	Water source (2632, 3386)	2632	3386	2
water	Water source (2650, 6409)	2650	6409	0
water	Water source (2664, 6410)	2664	6410	0
water	Water source (2675, 6444)	2675	6444	0
water	Water source (2689, 6433)	2689	6433	0
water	Water source (2746, 2768)	2746	2768	0
water	Water source (2847, 5081)	2847	5081	0
water	Water source (2858, 5094)	2858	5094	0
water	Water source (2860, 2332)	2860	2332	0
water	Water source (2911, 5471)	2911	5471	0
water	Water source (2913, 6179)	2913	6179	0
water	Water source (2925, 9709)	2925	9709	0
water	Water source (2933, 4701)	2933	4701	0
water	Water source (2940, 4713)	2940	4713	0
water	Water source (3033, 2850)	3033	2850	1
water	Water source (3042, 9262)	3042	9262	0
water	Water source (3046, 2840)	3046	2840	1
water	Water source (3048, 2858)	3048	2858	1
water	Water source (3052, 2965)	3052	2965	1
water	Water source (3061, 2848)	3061	2848	1
water	Water source (3132, 2407)	3132	2407	0
water	Water source (3135, 2832)	3135	2832	1
water	Water source (3142, 3452)	3142	3452	2
water	Water source (3166, 3307)	3166	3307	2
water	Water source (3188, 2416)	3188	2416	0
water	Water source (3202, 3400)	3202	3400	1
water	Water source (3212, 9625)	3212	9625	0
water	Water source (3222, 6165)	3222	6165	2
water	Water source (3232, 6087)	3232	6087	1
water	Water source (3243, 2466)	3243	2466	0
water	Water source (3362, 5897)	3362	5897	0
water	Water source (3413, 4823)	3413	4823	0
water	Water source (3423, 9890)	3423	9890	0
water	Water source (3429, 4818)	3429	4818	0
water	Water source (3429, 4834)	3429	4834	0
water	Water source (3438, 4814)	3438	4814	0
water	Water source (3504, 3048)	3504	3048	0
water	Water source (3612, 6161)	3612	6161	0
water	Water source (3702, 3304)	3702	3304	0
water	Water source (3705, 3313)	3705	3313	0
water	Water source (3770, 8614)	3770	8614	0
water	Water source (3842, 4921)	3842	4921	0
water	Water source (3846, 4924)	3846	4924	2
water	Water source (3894, 4944)	3894	4944	0
water	Water source (3906, 4872)	3906	4872	1
water	Water source (3911, 4934)	3911	4934	0
water	Water source (3918, 4902)	3918	4902	0
water	Water source (3921, 4934)	3921	4934	0
water	Water source (3926, 5250)	3926	5250	0
water	Water source (3926, 5306)	3926	5306	0
water	Water source (3928, 4966)	3928	4966	0
water	Water source (3940, 5250)	3940	5250	0
water	Water source (3940, 5306)	3940	5306	0
water	Water source (3942, 4906)	3942	4906	0
water	Water source (3951, 4864)	3951	4864	0
water	Water source (3974, 4878)	3974	4878	0
water	Water source (4027, 4868)	4027	4868	0
water	West Ardougne Water source	2548	3321	0
water	Wilderness Water source	3168	3734	0
water	Yanille Water source	2566	3093	0
water	Yanille Water source	2556	3113	0
water	Yanille Water source	2549	3101	0
